method,avg_obj,min_obj,max_obj,avg_time_ms,min_time_ms,max_time_ms
REGRET2,6117.69,4928,6934,157.387,154.011,166.144
LS_STEEPEST_ESWAP_RAND,6361.23,4917,7982,34.3123,28.9633,42.5192
LS_MOVE_LIST_RAND,6128.61,4799,7727,3.69234,3.00669,5.23944
LS_CANDIDATE_MOVES_K10_RAND,4768.79,2040,6677,3.18526,1.91946,8.68161
LS_CANDIDATE_MOVES_K30_RAND,5814.61,3838,7692,10.5335,7.71054,15.5233
LS_CANDIDATE_MOVES_K50_RAND,5988.34,4305,7138,19.6646,14.22,29.0359
LS_CANDIDATE_MOVES_K100_RAND,6229.36,4269,7728,44.0402,35.3225,55.5467
