method,avg_obj,min_obj,max_obj,avg_time_ms,min_time_ms,max_time_ms
REGRET2,18051.9,16877,19517,158.531,154.458,167.975
LS_STEEPEST_ESWAP_RAND,18016.4,16253,19371,39.5021,32.0823,55.6118
LS_MOVE_LIST_RAND,17660.8,15740,19016,3.87705,3.00549,5.87385
LS_CANDIDATE_MOVES_K10_RAND,16147.1,10620,19302,4.65718,2.76359,8.89414
LS_CANDIDATE_MOVES_K30_RAND,17209.2,12789,19588,14.235,10.5385,21.6706
LS_CANDIDATE_MOVES_K50_RAND,17654.2,14832,19556,24.9815,19.2391,33.1907
LS_CANDIDATE_MOVES_K100_RAND,17896.4,15457,19497,54.5002,45.4885,61.8526
